,title,writer,date,views,likes,numeric_title
45,지금 무값 405벨 입니다.,얄미운 마녀 7220,02-20,88,0,405
177,무값 100벨이라도 넘으신 분 ㅠㅠㅠ,부대라면,01-20,109,0,100
180,아주 소소한 무료나눔! (1탄 •u•),잡다한 재능 소유쟈,01-19,113,1,1
298,무료로 100만벨 뿌립니다,000,2023-12-15,644,10,100
383,무주식 500벨,미래의 백만장자,2023-11-13,124,1,500
433,무 값 200원 이상이신분,답도 없는 초보 4782,2023-10-17,30,0,200
528,"무값 높아요(한번당 110만원에 팔려요,새벽1시에도 받습니다 부모님에게 걸릴때까지)",체다치드,2023-08-12,218,1,110
570,무 378벨,동숲최고,2023-07-13,79,1,378
665,무값 404벨!,Cindolindo,2023-05-07,76,0,404
666,무 510벨,날카로운 킬러 1661,2023-05-07,367,0,510
677,"무 절임 통 1,2단 팔아주실분 ㅜㅜ",다봉이,2023-04-29,61,9,1
768,[마감] ☆무료개방☆ 무값 609벨,비눗방울,2023-02-18,176,1,609
797,동린이 무값 540 떴네요,천하통일 쪼렙 8845,2023-02-09,84,1,540
803,무값 300벨이상이신분 ㅜㅜ,승짱,2023-02-07,19,0,300
824,무값 130벨 (급하신분들 오셔요,네이버최강 요괴 4598,2023-02-02,95,1,130
852,무값 높은 분 구래요 (마일 5장 드려요),예랑아,2023-01-30,43,0,5
869,무값 380벨 나왔는데 무파트너 구해요,천하통일 궁수 8297,2023-01-27,106,0,380
871,무파니 무값 90벨 떴습니당,세수는못했섬 세수,2023-01-26,65,0,90
874,무 342벨인데 무파트너 하실분,솔플잘하는 수호신 6917,2023-01-26,43,0,342
882,무값 456,답도 없는 요괴 3451,2023-01-25,132,1,456
893,무값 537벨 1회당 2마일 엽니다(마감),킨교,2023-01-24,170,3,537
910,제 섬에 무값 414떴어요 파트너 구해요.,자음잉,2023-01-21,721,3,414
921,405벨 무료개방(마감),heyhi,2023-01-20,195,1,405
922,무트 445벨입니다 무살수있게 섬 개방가능하신분 구합니다,부활한 동생 6214,2023-01-20,96,0,445
928,무 425벨 (완),럭키가이 트롤 5322,2023-01-20,138,0,425
935,419벨 무료개방합니다(마감),heyhi,2023-01-19,277,1,419
978,무 값 300벨 이상이신분 ..,세수는못했섬 세수,2023-01-15,66,0,300
981,무값많이나온분 600벨 이상 1회 3마일로감,천하통일 끝판왕 6015,2023-01-15,68,0,600
985,무 1개당 92벨입니다. 구매하러오세요,세봉짱,2023-01-15,37,0,1
991,무값 300벨 이상이신분 계실까요..,Isom,2023-01-15,48,1,300
1009,무트코인 하는데 벨 높은 마을 있으시면 제가 마일 티켓4개 드릴테니 왔다갔다 가능하신분ㅠ,쩝쩝대장,2023-01-13,75,0,4
1019,무값 500벨 이상 1회 1마일로,천하통일 끝판왕 6015,2023-01-13,73,4,500
1023,무값 558벨 유료판매 (마감),치킨먹는 뉴비 9979,2023-01-12,227,2,558
1025,무값 500벨 이상인분,전설의 힐러 5511,2023-01-12,63,2,500
1036,무값 444벨,푸프탱,2023-01-11,59,3,444
1039,무값 516벨 유료판매(마감),치킨먹는 뉴비 9979,2023-01-11,180,3,516
1048,무값 571벨 유료판매합니다(마감),얄미운 초보 2614,2023-01-10,442,4,571
1059,무값 596벨 무파트너해주실분,똥손 휴먼 9587,2023-01-09,173,5,596
1075,무값528인데무팔러오세요,전국제패 저승사자 3541,2023-01-08,638,5,528
1079,무값 91벨입니당,방글,2023-01-08,145,3,91
1091,무값 608입니다,전국제패 저승사자 3541,2023-01-07,214,9,608
1092,무 400벨 이상 계실까요ㅜㅜ 도와주세요,하루살이 쪼렙 9615,2023-01-07,122,3,400
1100,무값 400벨이상 30분 10마일에,두동강,2023-01-06,112,3,400
1102,무 값 200벨 이상이신분 계시나요 ㅠㅜ,세수는못했섬 세수,2023-01-06,37,1,200
1106,무값 527벨임다!!!!!!!!,즐겜중인 누나 7612,2023-01-06,111,2,527
1133,설날 이벤트 무 500벨 이상 무료개방 확정 🫶🏻,담요,2023-01-04,106,7,500
1135,무값 200벨 이상이신 분 없을까요 ㅠㅠ,치킨먹는 탐험가 1366,2023-01-04,37,1,200
1150,무값 602입니다,전국제패 저승사자 3541,2023-01-03,199,15,602
1166,무 200벨이상인 섬 구해요 ㅜ,발랄한 발레리나,2023-01-02,77,2,200
1174,무가격 109..다른 섬은 어때요?,치킨먹는 탐험가 1366,2023-01-01,64,7,109
1188,무 300~500벨 이상에 파시는 섬 주대 분 계신가요...,(알 수 없음),2022-12-30,69,1,300
1214,무값 300벨 넘으시는 분,붕어빵,2022-12-27,66,3,300
1220,101원 무가 48원??,Binbox,2022-12-27,111,4,101
1261,동물의숲 7일차인데..도와주세요 무살돈도없어영..ㅠㅠ,라운지 초심자 a982250,2022-12-19,112,4,7
1268,무 100벨 이상이신 분 있나요 ㅠㅠ 제발요요ㅠㅠㅠ,나는 사실 겜돌이 798,2022-12-19,92,1,100
1269,내 500무..........,네이버최강 모범생 8319,2022-12-18,114,10,500
1273,무값 2주연속 감소... 살려주세요,귀여운 후추,2022-12-18,84,2,2
1285,무값 300벨 이상이신분 도와주세요,꾸꾸있섬,2022-12-17,62,1,300
1286,무 453벨,원이1002,2022-12-16,224,1,453
1314,무 646벨,원이1002,2022-12-11,147,2,646
1326,무 300벨~500벨 이상이신 분 없나요,(알 수 없음),2022-12-10,112,2,300
1329,무값 높으시면 5 마일,(알 수 없음),2022-12-10,100,5,5
1367,무 값 100벨 이상이신 분..?,졸개,2022-12-03,89,0,100
1369,(마감) 무 값 107벨 이상이신 분....😭,채이,2022-12-03,102,3,107
1373,무 100벨 이상이신분 ㅠㅠㅠ,전국제패 사령관 3205,2022-12-02,88,0,100
1408,"배, 복숭아, 체리, 사과 나무 5개씩 나눔해주실분 구합니다ㅠㅠ",야구처돌이,2022-11-25,72,1,5
1416,무값 400벨이상 1회 2마일 2회 방문 부탁드려요,즐겜중인 마녀 2998,2022-11-24,73,0,400
1440,마일 40개로 주민을영ㅎㅎ 너무 데리고오고싶어영ㅎ,열렙 중인 입문자 281,2022-11-22,76,1,40
1454,무팔러오세요! 무가422벨,모동숲하쟈,2022-11-21,81,4,422
1471,무트코인 3번 망함,나주나이스,2022-11-17,163,6,3
1507,[쉼]﻿5563K무값 577 무료개방,담요,2022-11-12,225,1,5563
1533,오늘 무파트너 하실분ㅠㅠ(8시간30분 남음),낚시왕 모범생 1144,2022-11-08,76,0,8
1568,저희 섬에 무 602원 입니다.,버스타는 군주 9211,2022-11-04,399,8,602
1612,무값 159..,전패의 트롤 587,2022-10-26,105,5,159
1668,끝)무값 100벨 이상이신분 구해요,겜숲자,2022-10-16,113,7,100
1697,끝)도와주세요ㅠㅠ 무값이 500벨인데 무가 없어요ㅠㅠ,겜숲자,2022-10-11,583,6,500
1731,혹시 무값 400벨 이상이신 분들 계신가욥..?,삐비뽀,2022-10-02,212,7,400
1733,무값 415벨이에욭,도도한 사령관 3409,2022-10-02,132,5,415
1747,무값 100벨이상..,도니유니,2022-09-28,114,10,100
0,무값 100벨이상..,도니유니,2022-09-28,114,10,100
10,무트코인..1마일드릴게요ㅠ,도니유니,2022-09-24,110,6,1
40,무 가격 300 이상 이신분 ㅜㅜ,도도한 군주 7293,2022-09-15,57,6,300
41,(마감) 모동숲 온라인 패밀리 4자리 무료 !! 구합니다.,이런작가,2022-09-15,179,5,4
57,끝)무값 95벨이상이신분 계시나요?,겜숲자,2022-09-12,78,4,95
73,무값592 유료,seojun,2022-09-11,159,3,592
77,무트코인 이벤트 긴급 공지 무값592,seojun,2022-09-11,319,4,592
82,무트코인 이벤트 공지 592 저녁 타임,seojun,2022-09-11,604,8,592
88,무트코인(일요일)이벤트 저녁타임 592입장료 X (9~11),seojun,2022-09-10,894,8,592
89,무값 110벨 이상 1회에 1마일(3회 방문 원함),고뇌하는 힐러 9793,2022-09-10,123,4,110
108,무값 547벨이에여,도도한 고인물 2481,2022-09-07,92,4,547
130,무값 100 이상이신 분,사탄,2022-09-03,70,1,100
138,"무 100 넘으시는 분,,,",예잉,2022-09-02,43,5,100
142,무값 551,정현,2022-08-31,150,10,551
153,무 500이신분😭😂🤣,밤새는 킬러 3571,2022-08-29,121,6,500
178,무값 300벨 이상 인곳 구해용,배고픈 마녀 6612,2022-08-21,68,4,300
180,무 값 468벨 문 열어드려요,동숲초보,2022-08-20,568,14,468
181,모동숲 무트코인 도와주세요 1회 마일티켓3개,얄미운 입문자 2477,2022-08-20,80,3,1
231,무값이 110원이네요ㅠㅠ,다홍이,2022-08-14,68,7,110
257,지금 무 429벨인데 팔아야겟죠!!???,블링블링,2022-08-11,112,3,429
300,무 판매 요청 100벨이라도ㅠ,배고픈 암살자 5704,2022-07-28,67,2,100
409,무값 512 섬 개방해요,버스타는 평민 4046,2022-07-07,52,4,512
427,무 가격 200벨 이상이신 분 있나요?,부드러운 요괴 9058,2022-06-30,54,6,200
462,닌텐도 경고문구를 무시했더니 이런일이?! 🚨 궁금했던 2061년 그 이후,전패의 광전사 4137,2022-06-20,70,6,2061
484,무값 100 이상이신분 계신가요?,천하태평 형 1208,2022-06-12,68,5,100
486,지금 무 458벨인데 무사게 섬열어주실분..,애플아와줘,2022-06-12,70,6,458
490,실시간) 지금 혹시 무 갚 100벨 이상이신분 계세요 ㅜㅜ?,밤새는 전학생 4044,2022-06-12,67,3,100
636,무 100벨 이상이신분 계신가요??,동숲으로 도피,2022-05-03,88,5,100
682,무값 500벨 이상이신분 마일교환,뚠뚜,2022-04-19,89,3,500
736,무값 525벨,천상의 사령관 7252,2022-04-06,84,4,525
739,4월 5일은 식목일! 나무를 심자!,율양,2022-04-05,105,12,4
775,무값 556벨,치즈꿍,2022-03-31,270,8,556
847,무값 100벨 이상이신분!!!!!,부지런한 궁수 2586,2022-03-15,92,3,100
853,무값 계산기 무트코인 무주식 예측 99% 성공하는 방법,경력직신입,2022-03-14,103,5,99
876,무값581벨 비행장 문열여있움,yh영현,2022-03-08,123,6,581
926,무트코인 500 무트너 구함(한시간 반 남았음),럭키가이 형 5151,2022-02-23,39,1,500
271,모동숲 나무마다 100벨이 나와요!,폭주하는 전학생 4800,2023.11.15,99,1,100
484,무값 200벨 이상이신 분ㅜㅜㅜ,동린이임,2023.01.24,56,3,200
499,여러문1덩은 무엇을의미해요?,나는 사실 마왕 457,2023.01.13,85,2,1
523,무 값 500벨 넘으시는 분??,타이레놀,2022.12.26,84,2,500
554,무 100벨 이상이신분 ..🥺🥺,hyyye,2022.12.08,128,1,100
631,무값 517인데 오실붘^><,천하통일 마녀 938,2022.10.16,187,6,517
718,여기 과일 5개 다 모았는데 남은 빈칸이 있네요 이건 무슨 과일이죠?,김농부,2022.07.16,83,1,5
826,400벨 이상 무값,답도 없는 암살자 9039,2022.02.14,72,2,400
1058,서포터즈에게 무엇이든 물어보세요! (질문 코너 4월 3주차),폴리독,2021.04.14,84,27,4
141,"2호,재스민,돈후상 무분해여!",사람이에여,02-24,36,0,2
175,무 180벨 이상이신분,데굴데굴,02-20,35,0,180
257,무값 491벨입니닷 선착 1명 입니닷 10분제한 있습니다,사람이에여,02-09,93,0,491
296,오늘 저녁 무500이상 파트너? 구해요 (무파니97벨),뚜앙이네,02-07,57,0,500
352,무값 100벨 넘으신분 계신가요,즐겜중인 뉴비 8790,02-03,74,0,100
353,🍓베리🍓쇼핑몰🪡선착 2분 무료 주문제작❣️,티루 t i r u,02-03,91,1,2
377,[끝]절벽이랑 잡초 나무 꽃 뽑는 노동 하실분.. 마일 20씩 드려요!!,나만업어뽀야미,02-02,83,0,20
381,무 값 300이상이신분!! 마일 원하시는 만큼 들고 찾아가고싶어요 ㅠㅠ,나만업어뽀야미,02-02,39,1,300
383,(무료)마이디자인 선착 2분께 주문제작해드려요 !! 빠르게 2분 모실게요ㅠㅜ,잡다한 재능 소유쟈,02-02,39,1,2
441,선착 3명) 게시판에 그림 그려드립니다!🎨(무료) 제발 신청해주세욥..ㅠ,잡다한 재능 소유쟈,01-29,119,2,3
442,무값 153벨입니당,잡다한 재능 소유쟈,01-29,17,0,153
522,(무한)떡밥 300개 팝니다,꿈에서본 수호신 9910,01-22,151,0,300
525,소소한 무료나눔 2탄 (•U•),잡다한 재능 소유쟈,01-22,164,1,2
548,대나무 쉘프 1개 구해영ㅜ 레시피도 좋아여ㅜ(완료),잡다한 재능 소유쟈,01-21,79,2,1
571,낮은 나무 울타리 1셋(50개) 판매합니다!,치킨먹는 휴먼 8315,01-20,21,0,1
658,무값100만넘으면갑니닷,고뇌하는 저승사자 895,01-13,68,0,100
680,"떡밥 100개 팔아요, 무값높으신 주대분 찾아요,,",천하통일 트롤 969,01-11,52,1,100
703,무값 522벨 떴어요 무파트너 구해요(완),헤븐0525,01-05,197,0,522
761,무값 493벨!!,낚시왕 휴먼 1821,2023-12-27,98,2,493
797,섬 무값 102벨 이상이신 분 있나요ㅠㅠ,채채야,2023-12-17,105,1,102
971,완) 봄의 대나무 10개당5마일 삽니당,네이버최강 평민 2999,2023-10-23,65,0,10
1046,무값 571벨. 3마일 교환,부지런한 평민 5458,2023-09-30,85,2,571
1047,무값 200벨 이상 알려주세요!,사람이에여,2023-09-30,55,2,200
1051,(완료)무값 451벨,부지런한 평민 5458,2023-09-29,40,1,451
1072,무 450벨 이상인 섬 찾아요!,사람이에여,2023-09-25,39,0,450
1080,무값 500 이상이신 분 계실까요,천하통일 저승사자 2701,2023-09-23,45,2,500
1091,떡밥 100개 15마일!무한 판매이고 예약 해주세요^^,사람이에여,2023-09-21,159,1,100
1093,(완료)배나무 구해요! 5그루에 50만벨로 살게요,초텐짱,2023-09-21,96,2,5
1136,무값 500 이상이신 분 구해요,천하통일 저승사자 2701,2023-09-11,56,0,500
1145,무값 500 이상이신 분 계실까요?,천하통일 저승사자 2701,2023-09-10,62,1,500
1179,무조건 1마일,너굴이노예,2023-08-31,135,1,1
1322,레시피 100개정도..무료 [마감],페니실린을 이겼어,2023-06-14,171,9,100
1385,"무절임통, 쌓인 무절임통, 통나무 스툴 레시피 1마일 구매",모동숲다봉이,2023-05-01,49,1,1
1386,무값 460벨🙂,고뇌하는 휴먼 8643,2023-04-30,110,1,460
1469,혹시 저 무값 178벨인데 혹시 같이 무판매 하실분?,현명도 아령,2023-03-09,277,1,178
1534,얼마 안되지만 선착 1명 마일티켓 5장~(보너스도 드려요)무료,행복한 파도,2023-02-09,116,2,1
1543,[마감] 무 497벨 팔아요,Juunan,2023-02-07,314,1,497
1568,낮은 나무 울타리 10개만 무료 요청드려요ㅠㅠㅜ,동린이임,2023-01-30,38,0,10
5,무값 200벨 이상인 섬 있나요?,낌뽀삐,03.03,137,0,200
6,무값 100벨 이상 섬 구합니다..ㅠㅠ,민둥민둥섬,03.03,91,3,100
7,무 457벨,천하통일 도적 3676,03.01,122,2,457
9,무 507벨인데 오실분! (완),반짝이는 선장 1643358,02.28,156,0,507
10,무값 505벨 입니다 1회당 1마일 오실분 (완),지현2,02.26,147,4,505
17,무값 200 넘으신 분 구합니다…,전설의 평민 5574,02.21,60,0,200
18,시작한지 3일 됐는데 무트코인 망한거 같아요 살려주세요ㅜㅜ,wonie,02.20,140,1,3
19,무446벨떳어요,이 구역의 초보 4170,02.19,135,0,446
23,무 329벨,몽지mongji,02.16,82,0,329
24,무하나에91벨 떳는데 무 가격300벨이상 오르신분,이 구역의 초보 4170,02.15,117,0,91
26,무값 91벨 450벨 이상 파트너 구해용 🫶🏻,금콩,02.12,80,1,91
36,무값 400벨 이상이신분 찾습니다,조개 침대,02.04,58,0,400
39,(완)무값 474 입니다 1회당 1마일 오실 분,왓챠웃34,02.02,150,0,474
40,무값 509벨이에요,네이버최강 엘프 6788,02.02,140,2,509
44,제발 아무나 200벨대 구해요,금콩,01.31,140,5,200
48,무값 517벨이에요,승승,01.29,210,0,517
49,무값 497벨인데 무파니 있으신분?,럭키가이 파괴왕 4149,01.29,81,0,497
53,무값 517 이에요,왓챠웃34,01.28,157,0,517
54,혹시.... 무.. 103벨 이상이신분 계신지요.....,잡채,01.28,67,0,103
55,무값 살려주세요.... 100벨 이상이기만 하면 됩니다ㅜㅜ,잡채,01.28,86,0,100
57,무가격 100벨 이상이신분 계실까요?,1pine,01.27,102,0,100
58,무는 애매한 30개... 주식은 반토막....,1pine,01.26,80,0,30
60,(섬닫) 무 값 601이에요~,CHUU,01.26,246,1,601
61,무값 381 입니다,천하태평 입문자 7361,01.25,72,0,381
62,섬닫) 무값 500벨 무료입장이지만노동이섞인,동린이에여ㅜㅠ,01.25,703,4,500
63,무값 530원인데,승승,01.24,89,0,530
66,(섬 닫음)무 526벨 오실 분!,하하싯,01.21,301,2,526
67,섬 닫음)무 560벨인데 혹시 오실분 계세요?,상추,01.21,184,0,560
68,무값 374벨,댕근,01.20,176,0,374
71,무 187벨이에요,유혜,01.17,92,0,187
73,무 값 618,연우,01.15,216,1,618
75,무 값 300벨 이상이신분 구해요ㅜㅜ,가로세로등,01.13,89,0,300
76,무값 495원인데,승승,01.12,177,0,495
77,무값 483원인데 오실분 잇나요?,가로세로등,01.12,130,1,483
78,무값 90벨입니다,학살중인 마법사 7135,01.11,83,0,90
80,무값 100이라도 ㅠㅠㅠ제발 도외주세요ㅠㅠㅠㅠ,내가 바로 엘프 4225,01.11,85,0,100
82,오늘 제 동네 무 233벨이에요,럭키가이 동생 5776,01.10,83,0,233
83,무값 621벨 이에요 오실분?,럭키가이 파괴왕 4149,01.10,283,5,621
84,무값337벨입니다(완료),레몬캔디,01.08,146,1,337
85,무 사가실 분 90벨이네용,럭키가이 파괴왕 4149,01.07,65,0,90
86,무값 150벨이상이신분…,초텐짱,01.05,58,0,150
87,무값 500벨 이상 이신 분 없으신가요?!,똥손 요괴 3121,01.05,71,0,500
89,무 500이상 1회 2마일 개방요청 합니다,율리,01.04,77,0,500
90,무 137벨(완),하진 너도 나 도,01.03,81,0,137
91,무값 623벨인데 사실분 있으실까요..??,초보나 다름없는,2023.12.31,371,1,623
92,무값 200벨 이상 구해요!!!,요구르트,2023.12.31,66,0,200
93,무값 개 망했는데 100벨이라도….,라운지 초심자 a249778,2023.12.30,87,0,100
97,무 100벨이라도…,민,2023.12.29,75,1,100
102,제발 무값 비싼 섬 찾습니다 200벨이라도 감사해요 뉴비 살린다 생각하고 제발요,뉴비,2023.12.26,90,2,200
108,무 629벨/무 파트너 구합니다,아마도,2023.12.17,148,0,629
109,무 629벨이에요 마티1장에 섬 오픈합니다,아마도,2023.12.17,293,0,629
110,(종료)무 543벨 입니다/현재 섬 시간 pm 5:58,햇,2023.12.16,102,2,543
111,무값 500벨 이상 마일10/ 600벨 이상 마일20 드릴게요,햇,2023.12.16,84,3,500
112,무545벨 나왔는데 같이 무파트너 하실분,내가왔섬,2023.12.16,185,6,545
115,무값 608벨! 1번 오실때 마티 2장입니다,SUMMER,2023.12.03,146,2,608
116,무값 371 회당 1마일로 열어요~~,블리쇼,2023.12.03,59,4,371
118,무값 200이상이신분??????,초텐짱,2023.11.29,50,0,200
123,무가격 400벨이상 구합니다ㅠㅠ,하루살이 검사 7502,2023.11.24,81,0,400
125,무값 100벨 이상이신분 ㅜㅜ,날카로운 쪼렙 7957,2023.11.20,87,0,100
127,무주식 100벨 이상 이신분....,SUMMER,2023.11.18,61,0,100
128,토요일까지 / 무값 300이상 찾아요!!,꿈에서본 마법사 7288,2023.11.17,84,0,300
129,무값 500벨 이상이신 분..??🥹🥹,고뇌하는 엘프 4484,2023.11.16,50,0,500
130,무값 600벨 이상 찾아요!!,꿈에서본 마법사 7288,2023.11.16,51,0,600
133,무 300이상이신분..!! 마티랑 교환해요!,오잉,2023.11.12,51,0,300
134,무값 200보다 높으신분 있나요..?,하루살이 레전드 6251699718453467,2023.11.12,52,6,200
135,433벨인데 무주식파트너,오늘만사는 킬러 6953,2023.11.11,73,2,433
136,저 지금 무값 500벨인데 서로 도와주실 분..,부지런한 형 4828,2023.11.09,495,6,500
138,무값 427벨 입니당,천상의 검사 2495,2023.11.08,183,2,427
139,4000마일로 무파트너 구함,하루살이 고인물 18101699424562991,2023.11.08,93,0,4000
142,무가격 551벨인데.... 돈다발레시피 구해요,오늘가입한 언니 5526,2023.11.04,120,0,551
143,무주식 101이상,내사랑뽀얌퀸,2023.11.04,76,0,101
150,뉴비인데 무트코인 떡락해서 지금 무 값 높은 섬 구합니다 ㅜㅜ 급해요 친구코드 : SW-0576-5817-9973,무주식시댕할,2023.10.26,156,2,0576
152,무파니 90벨 떳어용 무파트너 하실분 구합니다,GONA,2023.10.23,79,1,90
153,무 386벨 팔러오실분,하루살이 휴먼 9548,2023.10.23,67,4,386
154,500벨이상 무파트너 구해요 ~ 무파니92벨!,내비도,2023.10.23,54,1,500
159,무값645벨,부활한 오빠 94,2023.10.17,124,2,645
160,무 값 200넘으신분 계신가요,답도 없는 초보 4782,2023.10.17,258,3,200
161,무값 ㅂ100이상이신분 있나요 ㅠ,럭키가이 초보 1129,2023.10.15,68,3,100
162,무 값 4-500이상인 분 ㅜㅜ,낚시왕 엘프 97711697022380881,2023.10.15,63,1,4
163,무값 50이상인뷴 ㅠㅜ,천하태평 누나 2432,2023.10.15,92,7,50
165,무값 544벨ㅎㅎ,동린이임댜,2023.10.14,397,4,544
169,무 주식 400벨 이상이신 분...!,천하통일 군주 6692,2023.10.10,80,3,400
170,무주식 살려주실 분… 95벨에 구매했습니다,부활한 엘프 1527,2023.10.09,150,2,95
172,무값 400 위 구해요 마일드림,왜들그리다운되있섬,2023.10.05,74,0,400
173,무가격 414벨,뽀오오이이잉,2023.10.05,143,1,414
176,동숲 무주식 409벨!,사람이에여,2023.10.04,97,0,409
178,현재 무주식 545벨입니다!,람지,2023.10.03,85,0,545
179,무값 400벨 보다 높으신분!(완료),동린이임댜,2023.10.03,98,2,400
180,무값 300벨이상 이신분,샤이섬에사는 조이,2023.10.03,46,1,300
184,무값 300벨 이상이신분,도도한 파괴왕 9872,2023.10.02,37,0,300
186,무값 571벨,부지런한 평민 5458,2023.09.30,54,0,571
187,무값 543,오늘만사는 언니 6287,2023.09.29,58,2,543
188,(완료)무값 451벨,부지런한 평민 5458,2023.09.29,38,0,451
190,무 619 입니다.,부지런한 검사 4406,2023.09.28,192,1,619
191,무값 459벨,전설의 수호신 7423,2023.09.27,89,0,459
192,(완료)무주식 망하신분 제섬 오세요(지금 무값 435벨)비댓,윤서 부계가 갑니다,2023.09.26,213,1,435
194,(마감)무값 570벨 마일 받아요!,숌뮹칭,2023.09.25,135,2,570
195,무값 496벨 마을 마일 쿠폰 5장에 초대합니다.,꿈에서본 수호신 6707,2023.09.25,99,4,496
199,무값 100 넘으시는분!,금손 동생 8638,2023.09.18,45,0,100
200,무 500벨 이상이신분 있으신가요 ㅠㅠ,MAYORING,2023.09.17,61,0,500
201,(완료) 무값 마일 받아요! 410벨,숌뮹칭,2023.09.16,114,1,410
202,[마감] 무값 563벨,페니실린을 이겼어,2023.09.16,116,1,563
204,무파트너 구합니다!현재 573벨,나는 사실 검사 60,2023.09.11,149,2,573
205,[완료] 무값 631 무파트너 구해요 3회,라운지대표 삼촌 4306,2023.09.10,120,0,631
206,[마감] 무값 584벨 유료개방 합니다!,비눗방울,2023.09.10,139,1,584
207,무값 300벨 이상이신분ㅜㅜ,신화속 입문자 1622,2023.09.10,35,0,300
208,무값 500벨 이상 이신분ㅜㅠㅠ,신화속 입문자 1622,2023.09.10,67,0,500
211,[마감]무값 235벨 무료 입장입니다~!,리미,2023.09.03,117,0,235
212,[완료]무 630벨 섬 열어요!,HYEM,2023.09.03,173,0,630
213,[마감] 무값 520벨,페니실린을 이겼어,2023.09.03,116,0,520
214,도와주세요 무 비싸게 파는 곳 구합니다 마일 티켓 3개 드림,초코우유,2023.09.03,78,0,3
215,무파트너 구합니다 97벨,스태리,2023.09.01,64,2,97
216,(완료)무 583벨,숌뮹칭,2023.09.01,268,1,583
220,무 98벨 입니다 500이상 무파트너 구해요,조이,2023.08.23,135,1,98
221,현재 무 461벨입니당,천하태평 겜돌이 1394,2023.08.20,213,3,461
224,무값 591벨,라운지대표 레전드 2989,2023.08.14,155,0,591
230,[마감] 무값 478벨,페니실린을 이겼어,2023.08.12,134,2,478
233,[마감]무주식 536벨,몬시,2023.08.06,606,3,536
234,[마감] 무 452벨,페니실린을 이겼어,2023.08.05,170,1,452
241,지금 제섬 무 개당90 인데 무값 500이상이신분 있을까요?,한울ㅇ,2023.07.26,152,0,90
246,무 500벨 이상 유료개방 요청합니다‼️,말랑콩알,2023.07.16,137,2,500
251,무 42벨입니더... ㅠㅠㅠ,럭키가이 트롤 5536,2023.07.08,70,1,42
256,무값500벨인데 무파트너 하실분 계신가요!,동숲은어려워,2023.07.01,145,1,500
263,무150만 넘으시는분들 ㅠㅜ도와주세요..,열렙 중인 동생 7813,2023.06.09,124,13,150
264,[완료]지금 무 640벨 입니다.,홍슈화,2023.06.08,334,11,640
265,(완료) 진짜 오랜만에...무 587벨,페니실린을 이겼어,2023.06.07,225,5,587
269,무 ㅠㅠ 150이상 안계신가요?,고뇌하는 Lv1 638,2023.06.03,76,0,150
270,무300 이상이신분,고뇌하는 Lv1 638,2023.06.03,53,0,300
273,무값 412 매입,다니요정,2023.06.01,116,1,412
279,무값 417 벨 무파트너 하실분,체원,2023.05.25,121,2,417
280,무주식 531벨 (완),HAPPY도,2023.05.16,461,6,531
281,무 시세 높으신분?(310벨 이상),팬다씨,2023.05.11,172,9,310
282,무값 486벨 (마감),꿀한별,2023.05.11,180,2,486
283,무 501벨 (완료),페니실린을 이겼어,2023.05.07,140,0,501
284,무 92 떳어요. 파트너 구해요,예랑아,2023.05.07,117,2,92
285,무주식 높으신 분 있을까요..... 200이살 노상관 ㅠ,전설의 도적 3654,2023.05.05,90,1,200
286,무 550이상이신 분 ㅠㅠ,연지존,2023.05.04,78,6,550
287,무값 618벨입니당!,군밤찐밤,2023.05.02,181,2,618
288,무값 573벨 파트너 구합니다,신화속 만렙 5229,2023.05.02,76,0,573
289,무가격 519벨! (완료),페니실린을 이겼어,2023.05.02,148,2,519
291,무값 200 이상이신 분ㅜㅜ,치킨먹는 평민 98,2023.04.28,100,3,200
295,100만 넘어도 좋아요 무팔게 해주세요!!!,오뎅이뎅,2023.04.22,131,2,100
298,무값 467벨,이슬,2023.04.19,145,2,467
301,무값 509벨 파트너찾습니다! (완료),푸리도사는 밥푸리씨,2023.04.09,159,7,509
302,무 100벨 이상인 곳 도와주세요 ㅜㅜ 1회 1마일 드리겠습니다,겨울은방어철,2023.04.08,96,8,100
303,무300벨 이상 이신분?,언더스타,2023.04.06,135,4,300
306,[마감] 무값 [279벨],비눗방울,2023.03.25,152,6,279
308,무 팔고싶어요 .............ㅜㅜ100벨이여도 좋아요 ..,지니디니,2023.03.25,120,5,100
309,(마감)무값 629벨입니다.,하하호호섬예나,2023.03.24,394,2,629
311,무값 100벨 넘는분ㅠㅠ,전패의 마법사 1424,2023.03.23,70,10,100
312,무 90벨 떴어요! 무트너 구합니다~!,네이버최강 삼촌 5700,2023.03.19,157,1,90
313,무값 477벨,도도한 언데드 6122,2023.03.17,181,3,477
315,무값 200벨 이상이신 분 구합니다,고뇌하는 탐험가 7485,2023.03.15,74,4,200
319,무값 91벨,향숙이0126,2023.03.11,63,1,91
320,무값 100 이상이신 분…!!찾아요,도도한 언데드 6122,2023.03.11,45,0,100
321,무값 150 이상 이신분 30분 개방에 3마일드려요,Youreyes,2023.03.11,51,2,150
322,무값 300이상이신 분.. 1시간에 2마일,동린이V,2023.03.11,124,7,300
325,호구 동린이는 100벨에 무를 사버렸고...,콩지l,2023.03.05,169,2,100
330,무 값 474벨이에요!!,전설의 형 9957,2023.02.28,458,3,474
335,무값 300이상이신분,동린이V,2023.02.25,301,3,300
336,무파트너 구함 오후8시에 가능,떡상갈끄니까,2023.02.24,115,1,8
338,무주식 500벨 이상이신 분,향숙이0126,2023.02.24,185,4,500
339,무주식 352벨 무료개방(2명)[마감],규리,2023.02.23,441,3,352
342,[마감] 무료개방해요! [무값337벨],비눗방울,2023.02.21,258,4,337
344,1방문 1덩 아니면 1마일 무주식,꿍실꿍실,2023.02.20,158,3,1
346,(마감)무가격 446벨입니다,초코민트,2023.02.19,355,2,446
347,도와주세요…무가 22벨로 나락 갔어요,부활한 엘프 7936,2023.02.19,241,2,22
350,[마감] 무료 개방해요~ 549벨 입니당,알수없,2023.02.16,373,5,549
352,(완료) 무파트너구해요! (413벨),오늘가입한 입문자 2849,2023.02.16,166,8,413
354,(마감) 무값 284벨이니 무주식 망한분 아무나 들르세요!,아마도 동린이,2023.02.14,258,1,284
355,(완료)무461벨 무료개방해요,도도한 킬러 1570,2023.02.14,276,8,461
358,648벨 무값 섬! 아무나 오세요!,아마도 동린이,2023.02.11,400,6,648
360,동숲초보 도와주시여 ㅠ 109원에 무 샀는데 오늘 50원이에요...,천하통일 암살자 904,2023.02.11,102,0,109
364,99벨에 무샀는데 혹시 금액 높으신분 계신가요??,똥손 레전드 3604,2023.02.09,118,0,99
366,무값 400벨 이상 이신분 ㅠㅠ,천하통일 궁수 8711,2023.02.09,18,0,400
368,무가격200벨이상인분,고뇌하는 수호신 8652,2023.02.05,46,0,200
369,무 가격 400벨 이상이신 분 찾아요!,나의 기록,2023.02.04,55,1,400
371,무 482에요,좋다좋아,2023.02.04,109,5,482
373,무가격150벨이상인분,고뇌하는 수호신 8652,2023.02.03,102,0,150
378,무 100이상이면 됩니다,솔플잘하는 수호신 6917,2023.02.02,61,4,100
380,(완료)무580벨 무료개방해봐요~,도도한 킬러 1570,2023.02.01,173,1,580
382,무값 487벨 나왔어용! 무 팔러 오세융,행배,2023.02.01,150,3,487
386,무 371벨,무야호예진,2023.01.29,99,3,371
387,무값 136,오늘만사는 마왕 2964,2023.01.29,48,0,136
390,무트코인하시는분 무팝니다 개당 300벨,천하통일 마녀 7665,2023.01.29,43,1,300
392,무 95벨에 샀는데..,답도 없는 요괴 3451,2023.01.28,81,0,95
393,무 383벨,전국제패 마녀 7786,2023.01.26,39,2,383
394,무 556벨 모동숲 첨해요,학살중인 암살자 481,2023.01.26,276,7,556
